{
 "bf16->bf16": {
  "splits": {
   "all": {
    "k1": {
     "mean": 0.0005690067879294324,
     "median": 0.0,
     "p95": 0.037944874167442265,
     "p99": 0.09961978495121009,
     "max": 0.2809295654296875,
     "n": 53240
    },
    "k3": {
     "mean": 0.00030583279064299386,
     "median": 1.113233727423335e-09,
     "p95": 0.0018429889694180357,
     "p99": 0.00625436098361952,
     "max": 0.03601108287918153,
     "n": 53240
    },
    "k3_repo": {
     "mean": 0.000308865266134514,
     "median": 1.113233727423335e-09,
     "p95": 0.0018554205649305205,
     "p99": 0.00634849734062642,
     "max": 0.04343075447032674,
     "n": 53240
    }
   },
   "gpqa": {
    "k1": {
     "mean": 0.0004454141805202347,
     "median": 0.0,
     "p95": 0.04064386337995527,
     "p99": 0.09928654491901359,
     "max": 0.2809295654296875,
     "n": 32768
    },
    "k3": {
     "mean": 0.00032441569054962653,
     "median": 3.1492934926546923e-09,
     "p95": 0.0019656950434430278,
     "p99": 0.006383564505961659,
     "max": 0.03601108287918153,
     "n": 32768
    },
    "k3_repo": {
     "mean": 0.0003268636694608033,
     "median": 3.1492930485654824e-09,
     "p95": 0.001968986876022602,
     "p99": 0.006442790264114162,
     "max": 0.04343075447032674,
     "n": 32768
    }
   },
   "generic": {
    "k1": {
     "mean": 0.0007668322353495471,
     "median": 0.0,
     "p95": 0.03435805290937428,
     "p99": 0.10043237209320165,
     "max": 0.2806715965270996,
     "n": 20472
    },
    "k3": {
     "mean": 0.0002760885319413262,
     "median": 2.154332268133885e-10,
     "p95": 0.0015997129807556435,
     "p99": 0.006102815210754595,
     "max": 0.035947926653740137,
     "n": 20472
    },
    "k3_repo": {
     "mean": 0.0002800565674145135,
     "median": 2.154332268133885e-10,
     "p95": 0.0016066861872264919,
     "p99": 0.006202467128214667,
     "max": 0.04334712365750537,
     "n": 20472
    }
   }
  },
  "per_prompt_k3": [
   0.000450464651137628,
   0.00045008764025620076,
   0.0002713119682522943,
   0.0003255893139125867,
   0.00038012545090800585,
   0.0003643394947307043,
   0.00030313682259469166,
   0.0002593813061357636,
   0.00032626975330421666,
   0.0003845173941264019,
   0.00023142620174366438,
   0.0002722590065127068,
   0.0003070825566834968,
   0.00031179721287250385,
   0.0003210103264723208,
   0.00031086370751724204,
   0.0003984942599158333,
   0.0002459620264339149,
   0.0002780104489151533,
   0.00031888090736545416,
   0.00032143849815732166,
   0.0003623239050875144,
   0.00032064820217134,
   0.00028214868809727585,
   0.0002303143907952485,
   0.00023814137905185662,
   0.0003511202869633141,
   0.000360371152485375,
   0.0002743453370132574,
   0.0003878879170085528,
   0.00039267938006059665,
   0.0003488725109056124,
   0.000238295849070783,
   0.00045766514084382586,
   0.0002645567302628838,
   0.0002944141461238537,
   0.00026239170958786097,
   0.00023732172040534104,
   0.00021706140526345187,
   0.00029962871404318886,
   0.00020832556611339193,
   0.00025728122728368085,
   0.00034499497752898543,
   0.00022377730886907038,
   0.00029028452383934064,
   0.0002073390811360091,
   0.00034390262973616305,
   0.0002239987730454265,
   0.00027267374288282337,
   0.00026675781248821826,
   0.00031070740456044235,
   0.0002999310263146124
  ],
  "gen_tokens": 53240,
  "capped": 51
 },
 "bf16->nvfp4": {
  "splits": {
   "all": {
    "k1": {
     "mean": 0.09758951642497216,
     "median": 2.753693564727655e-05,
     "p95": 0.6934479743242246,
     "p99": 1.7524628552794475,
     "max": 19.375009536743164,
     "n": 53240
    },
    "k3": {
     "mean": 0.046594569931440726,
     "median": 5.681451480610278e-05,
     "p95": 0.21031152326547348,
     "p99": 0.925809558956712,
     "max": 18.37500954059387,
     "n": 53240
    },
    "k3_repo": {
     "mean": 4881.778027545744,
     "median": 5.6984268832938056e-05,
     "p95": 0.3085643207592412,
     "p99": 3.0163371499501723,
     "max": 259692671.79842728,
     "n": 53240
    }
   },
   "gpqa": {
    "k1": {
     "mean": 0.0991744409234532,
     "median": 4.773948921865667e-05,
     "p95": 0.7025904506444929,
     "p99": 1.7426770162582375,
     "max": 19.375009536743164,
     "n": 32768
    },
    "k3": {
     "mean": 0.047135317180851725,
     "median": 9.660102307529339e-05,
     "p95": 0.21590193235015356,
     "p99": 0.9177282009094119,
     "max": 18.37500954059387,
     "n": 32768
    },
    "k3_repo": {
     "mean": 7931.372701893552,
     "median": 9.636223074638295e-05,
     "p95": 0.31752174391368,
     "p99": 2.9699395898184044,
     "max": 259692671.79842728,
     "n": 32768
    }
   },
   "generic": {
    "k1": {
     "mean": 0.09505264626249525,
     "median": 1.0907118053182785e-05,
     "p95": 0.6809192135930077,
     "p99": 1.7595797824859658,
     "max": 7.946358501911163,
     "n": 20472
    },
    "k3": {
     "mean": 0.0457290362332823,
     "median": 2.0875359172833896e-05,
     "p95": 0.19975662068701017,
     "p99": 0.9316973288548719,
     "max": 6.946712450635471,
     "n": 20472
    },
    "k3_repo": {
     "mean": 0.5198070968894148,
     "median": 2.0930186070855505e-05,
     "p95": 0.2969408413566952,
     "p99": 3.050428179593434,
     "max": 2816.321628992318,
     "n": 20472
    }
   }
  },
  "per_prompt_k3": [
   0.03927960395822531,
   0.07171517104221536,
   0.0371861737364169,
   0.07001707607054533,
   0.060531057553683425,
   0.03830834295762352,
   0.05963736116902585,
   0.032261939480466566,
   0.05542649565960482,
   0.03562069150799951,
   0.04444130726350784,
   0.044963752595628556,
   0.04348620820989028,
   0.06239283706002899,
   0.046301278450051074,
   0.03117981934887498,
   0.03891128165607828,
   0.040162259766423306,
   0.03942898588283764,
   0.05651082646969811,
   0.0421792482416499,
   0.06421712656862144,
   0.03614364222890396,
   0.03480593025573378,
   0.03789250360263566,
   0.03712115244553278,
   0.06171096842976799,
   0.055357822930846776,
   0.041976517608351985,
   0.06945736486556212,
   0.04242331710160624,
   0.03728208566921694,
   0.04709119825139389,
   0.07085271065955379,
   0.045641232334115975,
   0.07444090188876996,
   0.06418528123973291,
   0.03515587559665112,
   0.02782317396245514,
   0.02886425240292776,
   0.025708115899026846,
   0.030163835003251965,
   0.049728527628574895,
   0.049605190923070946,
   0.046995089995087565,
   0.02272913954705044,
   0.04905236768876379,
   0.06327419359127615,
   0.051562638904755424,
   0.046965352837766594,
   0.05713729540179323,
   0.027464461360636627
  ],
  "gen_tokens": 53240,
  "capped": 51
 },
 "bf16->qad": {
  "splits": {
   "all": {
    "k1": {
     "mean": 0.329529069321766,
     "median": 0.003209090617019683,
     "p95": 1.9587877037003631,
     "p99": 4.2945003437995934,
     "max": 22.416753184312256,
     "n": 53240
    },
    "k3": {
     "mean": 0.19283322129070796,
     "median": 0.0008042297241386276,
     "p95": 1.0998169903570945,
     "p99": 3.3081437625362367,
     "max": 21.416753184496134,
     "n": 53240
    },
    "k3_repo": {
     "mean": 102275.15741973389,
     "median": 0.000813747623680694,
     "p95": 4.131938090448727,
     "p99": 68.00125275838414,
     "max": 5438413286.573034,
     "n": 53240
    }
   },
   "gpqa": {
    "k1": {
     "mean": 0.30547573546235923,
     "median": 0.002444082303554751,
     "p95": 1.8386879742145537,
     "p99": 4.014622771739955,
     "max": 22.416753184312256,
     "n": 32768
    },
    "k3": {
     "mean": 0.17678565428631268,
     "median": 0.0009299413561353331,
     "p95": 0.9989440927012232,
     "p99": 3.0326725488698036,
     "max": 21.416753184496134,
     "n": 32768
    },
    "k3_repo": {
     "mean": 166020.07393176475,
     "median": 0.00094380931360738,
     "p95": 3.449594484155029,
     "p99": 50.38781535758613,
     "max": 5438413286.573034,
     "n": 32768
    }
   },
   "generic": {
    "k1": {
     "mean": 0.3680294427051698,