{
 "step0": {
  "fwd": {
   "k1": {
    "mean": 0.05414366417043135,
    "median": 5.125961251906119e-06,
    "p95": 0.42549192905426025,
    "p99": 1.0718063473701482,
    "max": 10.053468704223633,
    "n": 52961
   },
   "k3": {
    "mean": 0.021928671394404447,
    "median": 2.223186825434098e-05,
    "p95": 0.09594202747359826,
    "p99": 0.41703619890666016,
    "max": 9.053511740433606,
    "n": 52961
   },
   "k3_repo": {
    "mean": 0.6519473685397853,
    "median": 2.228994478969959e-05,
    "p95": 0.11422721747292486,
    "p99": 0.8488441663668406,
    "max": 23225.19341769144,
    "n": 52961
   }
  },
  "rev": {
   "k1": {
    "mean": 0.041892119999963215,
    "median": 0.0,
    "p95": 0.3967869639396667,
    "p99": 1.0311242032051071,
    "max": 37.871894121170044,
    "n": 52809
   },
   "k3": {
    "mean": 0.0226133611065298,
    "median": 2.2300949532372272e-05,
    "p95": 0.09070845339544288,
    "p99": 0.39361893444946633,
    "max": 36.871894121170044,
    "n": 52809
   },
   "k3_repo": {
    "mean": 530721725268.0604,
    "median": 2.22887918628345e-05,
    "p95": 0.10412622650138634,
    "p99": 0.7730924381215227,
    "max": 2.802558172940182e+16,
    "n": 52809
   }
  },
  "fwd_k3": 0.021928671394404447,
  "rev_k3": 0.0226133611065298,
  "fwd_k1": 0.05414366417043135,
  "rev_k1": 0.041892119999963215
 },
 "step50": {
  "fwd": {
   "k1": {
    "mean": 0.048792133335561365,
    "median": 0.00010333274258300662,
    "p95": 0.3706858158111572,
    "p99": 0.8623435318470009,
    "max": 8.405407751444727,
    "n": 52961
   },
   "k3": {
    "mean": 0.015956819003862883,
    "median": 2.771366423237609e-05,
    "p95": 0.07216937565430959,
    "p99": 0.2901790872613916,
    "max": 7.405631406024375,
    "n": 52961
   },
   "k3_repo": {
    "mean": 0.1194867647409844,
    "median": 2.7814897361810864e-05,
    "p95": 0.08396633148322463,
    "p99": 0.5063618651125191,
    "max": 4461.775113460069,
    "n": 52961
   }
  },
  "rev": {
   "k1": {
    "mean": 0.023236994769973533,
    "median": -3.0994348776403058e-06,
    "p95": 0.30271562337875363,
    "p99": 0.9099254322051923,
    "max": 13.850935697555542,
    "n": 52895
   },
   "k3": {
    "mean": 0.01850861477884641,
    "median": 2.092168959344498e-05,
    "p95": 0.0701944387113332,
    "p99": 0.32459201396203197,
    "max": 12.850936662750529,
    "n": 52895
   },
   "k3_repo": {
    "mean": 21.38076468470085,
    "median": 2.0865221328270067e-05,
    "p95": 0.07341145303881648,
    "p99": 0.5742126668142444,
    "max": 1036045.2344077528,
    "n": 52895
   }
  },
  "fwd_k3": 0.015956819003862883,
  "rev_k3": 0.01850861477884641,
  "fwd_k1": 0.048792133335561365,
  "rev_k1": 0.023236994769973533
 },
 "step100": {
  "fwd": {
   "k1": {
    "mean": 0.04855819157086223,
    "median": 0.00010084456425829558,
    "p95": 0.3620424270629883,
    "p99": 0.8741241484880466,
    "max": 8.372324789408594,
    "n": 52961
   },
   "k3": {
    "mean": 0.0159402577584808,
    "median": 2.6925245903530737e-05,
    "p95": 0.07101590721360118,
    "p99": 0.29803494604845276,
    "max": 7.372555966898153,
    "n": 52961
   },
   "k3_repo": {
    "mean": 0.11665941065478701,
    "median": 2.7000836821722274e-05,
    "p95": 0.08183696601339063,
    "p99": 0.5226514835013757,
    "max": 4316.308354202736,
    "n": 52961
   }
  },
  "rev": {
   "k1": {
    "mean": 0.02236393579487606,
    "median": -2.6225998794870975e-06,
    "p95": 0.2924447596073145,
    "p99": 0.8423137068748341,
    "max": 13.31703132390976,
    "n": 52888
   },
   "k3": {
    "mean": 0.01764666501867247,
    "median": 2.8290171878997405e-05,
    "p95": 0.06779546661403014,
    "p99": 0.29630863657898315,
    "max": 12.317032970125616,
    "n": 52888
   },
   "k3_repo": {
    "mean": 12.716916234228853,
    "median": 2.825826474872617e-05,
    "p95": 0.07034499033003103,
    "p99": 0.4855027267565411,
    "max": 607439.4355797102,
    "n": 52888
   }
  },
  "fwd_k3": 0.0159402577584808,
  "rev_k3": 0.01764666501867247,
  "fwd_k1": 0.04855819157086223,
  "rev_k1": 0.02236393579487606
 },
 "step150": {
  "fwd": {
   "k1": {
    "mean": 0.04403385757185598,
    "median": 2.9682326385227498e-05,
    "p95": 0.3490319848060608,
    "p99": 0.8674756884574899,
    "max": 8.345180357340723,
    "n": 52961
   },
   "k3": {
    "mean": 0.016126109576602425,
    "median": 2.2269752169901125e-05,
    "p95": 0.06735588175885221,
    "p99": 0.29164758776799327,
    "max": 7.345417895955935,
    "n": 52961
   },
   "k3_repo": {
    "mean": 0.16012999803156994,
    "median": 2.2303504828125043e-05,
    "p95": 0.07681910804558822,
    "p99": 0.514244469387245,
    "max": 4200.496655710422,
    "n": 52961
   }
  },
  "rev": {
   "k1": {
    "mean": 0.02642548253046422,
    "median": -7.152302714530379e-07,
    "p95": 0.3013472676277157,
    "p99": 0.8582459235191332,
    "max": 11.946491956710815,
    "n": 52937
   },
   "k3": {
    "mean": 0.017175416138243006,
    "median": 1.4723844560249333e-05,
    "p95": 0.0656001145149983,
    "p99": 0.2983464804475229,
    "max": 10.946498438642733,
    "n": 52937
   },
   "k3_repo": {
    "mean": 4.575042346822271,
    "median": 1.476037604319913e-05,
    "p95": 0.06959643515827624,
    "p99": 0.5029559045526579,
    "max": 154262.04633758025,
    "n": 52937
   }
  },
  "fwd_k3": 0.016126109576602425,
  "rev_k3": 0.017175416138243006,
  "fwd_k1": 0.04403385757185598,
  "rev_k1": 0.02642548253046422
 },
 "step200": {
  "fwd": {
   "k1": {
    "mean": 0.0472295783655849,
    "median": 9.416373359272256e-05,
    "p95": 0.3549232482910156,
    "p99": 0.8750854283571246,
    "max": 7.878068804740906,
    "n": 52961
   },
   "k3": {
    "mean": 0.015719344174152803,
    "median": 2.5671611201039113e-05,
    "p95": 0.06776194569773719,
    "p99": 0.2947963094336803,
    "max": 6.878447768945342,
    "n": 52961
   },
   "k3_repo": {
    "mean": 0.10913843967609956,
    "median": 2.562914513992709e-05,
    "p95": 0.0792388116607039,
    "p99": 0.5244763056814576,
    "max": 2629.893583754033,
    "n": 52961
   }
  },
  "rev": {
   "k1": {
    "mean": 0.02188535295460292,
    "median": -2.622596412038547e-06,
    "p95": 0.2795280806720243,
    "p99": 0.8349601566791538,
    "max": 14.621408678591251,
    "n": 52922
   },
   "k3": {
    "mean": 0.015963857812790687,
    "median": 1.578887097264392e-05,
    "p95": 0.06153115639089247,
    "p99": 0.28565262123129326,
    "max": 13.62140912527782,
    "n": 52922
   },
   "k3_repo": {
    "mean": 42.391244328201864,
    "median": 1.5759054896702374e-05,
    "p95": 0.06362917224281361,
    "p99": 0.46976209441939415,
    "max": 2238690.6030261107,
    "n": 52922
   }
  },
  "fwd_k3": 0.015719344174152803,
  "rev_k3": 0.015963857812790687,
  "fwd_k1": 0.0472295783655849,
  "rev_k1": 0.02188535295460292
 },
 "step250": {
  "fwd": {
   "k1": {
    "mean": 0.04460139048618292,
    "median": 4.4701854676532093e-05,
    "p95": 0.34494591504335403,
    "p99": 0.8792580127716079,
    "max": 8.112065196037292,
    "n": 52961
   },
   "k3": {
    "mean": 0.01574039705017894,
    "median": 2.116211096780951e-05,
    "p95": 0.06721279991230267,
    "p99": 0.30381776305123104,
    "max": 7.112365094920518,
    "n": 52961
   },
   "k3_repo": {
    "mean": 0.11526123079819588,
    "median": 2.1241071719080296e-05,
    "p95": 0.07509032004682248,
    "p99": 0.5298537637508336,
    "max": 3325.3451666643005,
    "n": 52961
   }
  },
  "rev": {
   "k1": {
    "mean": 0.0232755742818068,
    "median": -1.3112988881402998e-06,
    "p95": 0.28608358204364764,
    "p99": 0.8137228468060492,
    "max": 12.774426013231277,
    "n": 53248
   },
   "k3": {
    "mean": 0.015975233571048277,
    "median": 1.6887166443768642e-05,
    "p95": 0.06251068839810138,
    "p99": 0.276566066184541,
    "max": 11.774428845518369,
    "n": 53248
   },
   "k3_repo": {
    "mean": 8.320986874375699,
    "median": 1.686121816402153e-05,
    "p95": 0.06554083348955388,
    "p99": 0.44344875164163944,