{
 "step50": {
  "fwd": {
   "k1": {
    "mean": 0.08568335554729416,
    "median": 0.0005155522121640388,
    "p95": 0.5822656154632568,
    "p99": 1.34488567709923,
    "max": 8.657534445170313,
    "n": 52961
   },
   "k3": {
    "mean": 0.03244422784181872,
    "median": 8.951321063577211e-05,
    "p95": 0.15131782899939372,
    "p99": 0.6062433431724857,
    "max": 7.657708257493164,
    "n": 52961
   },
   "k3_repo": {
    "mean": 0.2785604292380468,
    "median": 8.958596827990384e-05,
    "p95": 0.2107504699161884,
    "p99": 1.4928629753465288,
    "max": 5743.6744710247585,
    "n": 52961
   }
  },
  "rev": {
   "k1": {
    "mean": 0.05181184501933212,
    "median": -6.914078312547645e-06,
    "p95": 0.5096132460981604,
    "p99": 1.486533750295638,
    "max": 27.77575147151947,
    "n": 53130
   },
   "k3": {
    "mean": 0.03701637541056415,
    "median": 6.025749031834948e-05,
    "p95": 0.14675098656540075,
    "p99": 0.7175140727022743,
    "max": 26.775751471520337,
    "n": 53130
   },
   "k3_repo": {
    "mean": 21754749.732542526,
    "median": 6.0119553535686876e-05,
    "p95": 0.1703255805655026,
    "p99": 1.935208936356105,
    "max": 1155727892655.3977,
    "n": 53130
   }
  },
  "fwd_k3": 0.03244422784181872,
  "rev_k3": 0.03701637541056415,
  "fwd_k1": 0.08568335554729416,
  "rev_k1": 0.05181184501933212
 },
 "step100": {
  "fwd": {
   "k1": {
    "mean": 0.08406375448161883,
    "median": 0.0004873070829489734,
    "p95": 0.5709666609764099,
    "p99": 1.3087560566214969,
    "max": 9.00025543058291,
    "n": 52961
   },
   "k3": {
    "mean": 0.03159453143620893,
    "median": 8.486971527799092e-05,
    "p95": 0.14612895918457114,
    "p99": 0.5802625257929871,
    "max": 8.000378808868385,
    "n": 52961
   },
   "k3_repo": {
    "mean": 0.2767456934623059,
    "median": 8.517376482797268e-05,
    "p95": 0.2005364081390637,
    "p99": 1.39281035495553,
    "max": 8095.15371196028,
    "n": 52961
   }
  },
  "rev": {
   "k1": {
    "mean": 0.050844442019034534,
    "median": -6.794905409890362e-06,
    "p95": 0.4980818033218375,
    "p99": 1.4153104913234704,
    "max": 20.731850039213896,
    "n": 53248
   },
   "k3": {
    "mean": 0.03645861246577025,
    "median": 7.356751303722042e-05,
    "p95": 0.14334945618785042,
    "p99": 0.6775210286615652,
    "max": 19.731850040205348,
    "n": 53248
   },
   "k3_repo": {
    "mean": 30422.606921188857,
    "median": 7.317995854549952e-05,
    "p95": 0.16541077072314164,
    "p99": 1.7024544920723876,
    "max": 1008621130.4527638,
    "n": 53248
   }
  },
  "fwd_k3": 0.03159453143620893,
  "rev_k3": 0.03645861246577025,
  "fwd_k1": 0.08406375448161883,
  "rev_k1": 0.050844442019034534
 },
 "step200": {
  "fwd": {
   "k1": {
    "mean": 0.0837955285191689,
    "median": 0.0004709628992713988,
    "p95": 0.5666131973266602,
    "p99": 1.308275049924851,
    "max": 11.506162489298731,
    "n": 52961
   },
   "k3": {
    "mean": 0.031232697902115983,
    "median": 8.521776830150429e-05,
    "p95": 0.14565531421575906,
    "p99": 0.5805166642504019,
    "max": 10.506172557157694,
    "n": 52961
   },
   "k3_repo": {
    "mean": 1.974940828507858,
    "median": 8.544447080538475e-05,
    "p95": 0.1993741651468477,
    "p99": 1.391511269026036,
    "max": 99313.478015664,
    "n": 52961
   }
  },
  "rev": {
   "k1": {
    "mean": 0.047223544331213625,
    "median": -7.271728122759669e-06,
    "p95": 0.4780823409557333,
    "p99": 1.3563356205821058,
    "max": 21.805063769221306,
    "n": 53072
   },
   "k3": {
    "mean": 0.03377660343892681,
    "median": 6.390162021574497e-05,
    "p95": 0.13195946278971887,
    "p99": 0.624452501996647,
    "max": 20.80506376956029,
    "n": 53072
   },
   "k3_repo": {
    "mean": 56831.404209180146,
    "median": 6.37308387227975e-05,
    "p95": 0.15269924323688824,
    "p99": 1.5256090830884135,
    "max": 2949978624.9455514,
    "n": 53072
   }
  },
  "fwd_k3": 0.031232697902115983,
  "rev_k3": 0.03377660343892681,
  "fwd_k1": 0.0837955285191689,
  "rev_k1": 0.047223544331213625
 },
 "step150": {
  "fwd": {
   "k1": {
    "mean": 0.08535333342384009,
    "median": 0.0005890512111363932,
    "p95": 0.5689697265625,
    "p99": 1.3491064310073857,
    "max": 7.43441995466128,
    "n": 52961
   },
   "k3": {
    "mean": 0.03187088897027871,
    "median": 9.004801336232049e-05,
    "p95": 0.14543878789005982,
    "p99": 0.6115700679193394,
    "max": 6.435010526097007,
    "n": 52961
   },
   "k3_repo": {
    "mean": 0.1748131480394812,
    "median": 9.052229412631618e-05,
    "p95": 0.20014335411511297,
    "p99": 1.5048738231403576,
    "max": 1684.8408377095484,
    "n": 52961
   }
  },
  "rev": {
   "k1": {
    "mean": 0.04585550519096182,
    "median": -1.1563173075046507e-05,
    "p95": 0.4814696788787835,
    "p99": 1.4445457744598413,
    "max": 23.12490392192558,
    "n": 52964
   },
   "k3": {
    "mean": 0.03560484041889712,
    "median": 7.622770722004457e-05,
    "p95": 0.1430485347705678,
    "p99": 0.7028121734028605,
    "max": 22.12490392201615,
    "n": 52964
   },
   "k3_repo": {
    "mean": 208476.22777383676,
    "median": 7.592353530272433e-05,
    "p95": 0.1626636760706002,
    "p99": 1.7953804813034164,
    "max": 11041248053.615313,
    "n": 52964
   }
  },
  "fwd_k3": 0.03187088897027871,
  "rev_k3": 0.03560484041889712,
  "fwd_k1": 0.08535333342384009,
  "rev_k1": 0.04585550519096182
 },
 "step250": {
  "fwd": {
   "k1": {
    "mean": 0.0835872399892809,
    "median": 0.00047564340638928115,
    "p95": 0.5710236430168152,
    "p99": 1.3578326821327216,
    "max": 9.299592817667872,
    "n": 52961
   },
   "k3": {
    "mean": 0.03152014602595195,
    "median": 7.939617628927031e-05,
    "p95": 0.14771716590398642,
    "p99": 0.6175393979647761,
    "max": 8.299684279133261,
    "n": 52961
   },
   "k3_repo": {
    "mean": 0.331508203872847,
    "median": 7.979050184725445e-05,
    "p95": 0.20148879692871002,
    "p99": 1.5299255392354347,
    "max": 10923.266753802269,
    "n": 52961
   }
  },
  "rev": {
   "k1": {
    "mean": 0.04923675973456136,
    "median": -8.344541129190475e-06,
    "p95": 0.47709370255470235,
    "p99": 1.3870284932851797,
    "max": 20.03951144218445,
    "n": 52865
   },
   "k3": {
    "mean": 0.035596872106222956,
    "median": 7.200090279768645e-05,
    "p95": 0.13652324985712502,
    "p99": 0.654039508493594,
    "max": 19.03951144416575,
    "n": 52865
   },
   "k3_repo": {
    "mean": 9710.271290595614,
    "median": 7.179293747894278e-05,
    "p95": 0.15537587239034262,
    "p99": 1.6159095899386375,
    "max": 504718497.1842977,
    "n": 52865
   }
  },
  "fwd_k3": 0.03152014602595195,
  "rev_k3": 0.035596872106222956,
  "fwd_k1": 0.0835872399892809,
  "rev_k1": 0.04923675973456136
 },
 "step300": {
  "fwd": {
   "k1": {
    "mean": 0.08212599545873837,
    "median": 0.0004846757583436556,
    "p95": 0.5555020794272423,
    "p99": 1.2954492732882508,
    "max": 6.681434512138367,
    "n": 52961
   },
   "k3": {
    "mean": 0.030785707261811585,
    "median": 8.00321768044121e-05,
    "p95": 0.14020997609988206,
    "p99": 0.5730461382517686,
    "max": 5.6826884899736525,
    "n": 52961
   },
   "k3_repo": {
    "mean": 0.1486996433491732,
    "median": 8.044482700753086e-05,
    "p95": 0.19024135132044728,
    "p99": 1.3571874913368833,
    "max": 789.7808266706119,
    "n": 52961
   }
  },
  "rev": {
   "k1": {
    "mean": 0.04807497811702396,
    "median": -8.940639418142382e-06,
    "p95": 0.47098255157470703,
    "p99": 1.418280899524685,
    "max": 15.431751191616058,
    "n": 52941
   },
   "k3": {
    "mean": 0.03439194982272697,
    "median": 5.9221638274209454e-05,
    "p95": 0.12868068314302783,
    "p99": 0.6734805767765537,
    "max": 14.431751390260132,
    "n": 52941
   },
   "k3_repo": {
    "mean": 116.06093933171715,
    "median": 5.91650885548578e-05,
    "p95": 0.1482758992916713,
    "p99": 1.7117367112597017,
    "max": 5034113.129665273,
    "n": 52941
   }
  },