{
 "bf16->bf16": {
  "splits": {
   "all": {
    "k1": {
     "mean": 0.0006312354335264157,
     "median": 0.0,
     "p95": 0.03618890047073364,
     "p99": 0.09636970758438114,
     "max": 0.31529998779296875,
     "n": 52961
    },
    "k3": {
     "mean": 0.000286945669390928,
     "median": 7.98586530237344e-10,
     "p95": 0.0016886310290868956,
     "p99": 0.005998723187164436,
     "max": 0.04486996714284386,
     "n": 52961
    },
    "k3_repo": {
     "mean": 0.00028978907407346214,
     "median": 7.98586530237344e-10,
     "p95": 0.0016866869539544638,
     "p99": 0.006041471434748461,
     "max": 0.05537044589333373,
     "n": 52961
    }
   },
   "gpqa": {
    "k1": {
     "mean": 0.0006908101154169406,
     "median": 0.0,
     "p95": 0.03961188942193966,
     "p99": 0.09969332158565504,
     "max": 0.31529998779296875,
     "n": 32768
    },
    "k3": {
     "mean": 0.0003090875977573949,
     "median": 2.5868748254609386e-09,
     "p95": 0.0018432574930091865,
     "p99": 0.006265467661043976,
     "max": 0.04486996714284386,
     "n": 32768
    },
    "k3_repo": {
     "mean": 0.0003123179975273288,
     "median": 2.5867507025267855e-09,
     "p95": 0.001844643732364725,
     "p99": 0.006308661098544079,
     "max": 0.05537044589333373,
     "n": 32768
    }
   },
   "generic": {
    "k1": {
     "mean": 0.0005345611812514333,
     "median": 0.0,
     "p95": 0.03125001192092885,
     "p99": 0.08796480894088729,
     "max": 0.22811102867126465,
     "n": 20193
    },
    "k3": {
     "mean": 0.0002510150642944892,
     "median": 9.89355264380265e-11,
     "p95": 0.0014182322457257698,
     "p99": 0.00550021858485348,
     "max": 0.026036228724528154,
     "n": 20193
    },
    "k3_repo": {
     "mean": 0.00025323047635463376,
     "median": 9.89355264380265e-11,
     "p95": 0.001421711363163107,
     "p99": 0.005547322322755875,
     "max": 0.028113765988155404,
     "n": 20193
    }
   }
  },
  "gen_tokens": 52961
 },
 "bf16->qad": {
  "splits": {
   "all": {
    "k1": {
     "mean": 0.08192502238675836,
     "median": 0.00043213367462158203,
     "p95": 0.5531398057937622,
     "p99": 1.389620047807698,
     "max": 5.640756666660309,
     "n": 52961
    },
    "k3": {
     "mean": 0.0312377223797727,
     "median": 7.541396944432677e-05,
     "p95": 0.14014831019889873,
     "p99": 0.6409165822371423,
     "max": 4.644306847746289,
     "n": 52961
    },
    "k3_repo": {
     "mean": 0.12490789108785828,
     "median": 7.563809365107588e-05,
     "p95": 0.18964848420614033,
     "p99": 1.62370974226546,
     "max": 275.0350158590931,
     "n": 52961
    }
   },
   "gpqa": {
    "k1": {
     "mean": 0.08511721042755993,
     "median": 0.0006784999495721422,
     "p95": 0.5682242736220349,
     "p99": 1.4065998405218114,
     "max": 5.481618106365204,
     "n": 32768
    },
    "k3": {
     "mean": 0.03194365358421597,
     "median": 0.00012771360834407108,
     "p95": 0.14365940081759362,
     "p99": 0.652071485208314,
     "max": 4.485780695099454,
     "n": 32768
    },
    "k3_repo": {
     "mean": 0.11393348961759586,
     "median": 0.0001283677529925198,
     "p95": 0.20057389042331789,
     "p99": 1.6754524658188803,
     "max": 233.75350091269576,
     "n": 32768
    }
   },
   "generic": {
    "k1": {
     "mean": 0.07674492939805007,
     "median": 0.00021884234956814907,
     "p95": 0.5263434247113763,
     "p99": 1.3423896932601929,
     "max": 5.640756666660309,
     "n": 20193
    },
    "k3": {
     "mean": 0.030092179186230517,
     "median": 2.841778638673631e-05,
     "p95": 0.13372587541450712,
     "p99": 0.6036103780713099,
     "max": 4.644306847746289,
     "n": 20193
    },
    "k3_repo": {
     "mean": 0.1427164974057684,
     "median": 2.848749666384265e-05,
     "p95": 0.17086607239011037,
     "p99": 1.4857910679467499,
     "max": 275.0350158590931,
     "n": 20193
    }
   }
  },
  "gen_tokens": 52961
 },
 "qad->bf16": {
  "splits": {
   "all": {
    "k1": {
     "mean": 0.04537166009964803,
     "median": -9.298276566482855e-06,
     "p95": 0.46517691612243595,
     "p99": 1.33565691947937,
     "max": 22.292869828641415,
     "n": 52848
    },
    "k3": {
     "mean": 0.033378767707919824,
     "median": 7.131434171148143e-05,
     "p95": 0.13037468451277462,
     "p99": 0.6118476984587082,
     "max": 21.292869828849543,
     "n": 52848
    },
    "k3_repo": {
     "mean": 90917.55696180234,
     "median": 7.12680845871283e-05,
     "p95": 0.14817148268029778,
     "p99": 1.4668361665279035,
     "max": 4804745074.724111,
     "n": 52848
    }
   },
   "gpqa": {
    "k1": {
     "mean": 0.04663347470153318,
     "median": -1.4662501598650124e-05,
     "p95": 0.4719177760183806,
     "p99": 1.3555601531267059,
     "max": 22.292869828641415,
     "n": 32768
    },
    "k3": {
     "mean": 0.03469687633772389,
     "median": 0.00011995646149531858,
     "p95": 0.13264285475431054,
     "p99": 0.6287922908606871,
     "max": 21.292869828849543,
     "n": 32768
    },
    "k3_repo": {
     "mean": 146630.4264572465,
     "median": 0.00011966974220589677,
     "p95": 0.15125341051049687,
     "p99": 1.5233869395174158,
     "max": 4804745074.724111,
     "n": 32768
    }
   },
   "generic": {
    "k1": {
     "mean": 0.04331253953816531,
     "median": -4.470238081921707e-06,
     "p95": 0.45096795298159115,
     "p99": 1.2894141405820847,
     "max": 9.73281067237258,
     "n": 20080
    },
    "k3": {
     "mean": 0.03122778246980131,
     "median": 2.7593249059321145e-05,
     "p95": 0.12613990223408428,
     "p99": 0.5794546284136692,
     "max": 8.732869977744192,
     "n": 20080
    },
    "k3_repo": {
     "mean": 1.2567811891103253,
     "median": 2.7560811612925562e-05,
     "p95": 0.14146359775225575,
     "p99": 1.3412447363445505,
     "max": 16851.146186194277,
     "n": 20080
    }
   }
  },
  "gen_tokens": 52848
 },
 "bf16->nvfp4": {
  "splits": {
   "all": {
    "k1": {
     "mean": 0.099935210062496,
     "median": 7.152272246457869e-05,
     "p95": 0.6928734630346298,
     "p99": 1.6682748556137166,
     "max": 10.248311699484475,
     "n": 52961
    },
    "k3": {
     "mean": 0.04504678465882311,
     "median": 7.485071596180504e-05,
     "p95": 0.20858144253972588,
     "p99": 0.8597091699808578,
     "max": 9.248347116729832,
     "n": 52961
    },
    "k3_repo": {
     "mean": 1.4594518958438383,
     "median": 7.515321767925798e-05,
     "p95": 0.30803001033710764,
     "p99": 2.6347561186266226,
     "max": 28223.584463550502,
     "n": 52961
    }
   },
   "gpqa": {
    "k1": {
     "mean": 0.10380477453081932,
     "median": 0.00018587702220429492,
     "p95": 0.7038187399506548,
     "p99": 1.6717653746902934,
     "max": 9.722505271434784,
     "n": 32768
    },
    "k3": {
     "mean": 0.04577794258341021,
     "median": 0.00014076342036051237,
     "p95": 0.21273356930009488,
     "p99": 0.8607739122241177,
     "max": 8.722565191132029,
     "n": 32768
    },
    "k3_repo": {
     "mean": 0.8049500362986831,
     "median": 0.0001415249032375998,
     "p95": 0.32007035618290336,
     "p99": 2.649788822318658,
     "max": 16678.28037677527,
     "n": 32768
    }
   },
   "generic": {
    "k1": {
     "mean": 0.09365591087475676,
     "median": 1.180162303171528e-05,
     "p95": 0.6790572464466086,
     "p99": 1.665578441619872,
     "max": 10.248311699484475,
     "n": 20193
    },
    "k3": {
     "mean": 0.043860305043467766,
     "median": 2.1240464334049136e-05,
     "p95": 0.20256513410982163,
     "p99": 0.8546596973954912,
     "max": 9.248347116729832,
     "n": 20193
    },
    "k3_repo": {
     "mean": 2.5215386057718163,
     "median": 2.1274997958675712e-05,
     "p95": 0.29296052610095386,
     "p99": 2.6231531991278185,
     "max": 28223.584463550502,
     "n": 20193
    }
   }
  },
  "gen_tokens": 52961
 },
 "nvfp4->bf16": {
  "splits": {
   "all": {
    "k1": {
     "mean": 0.0810382276147096,
     "median": 0.0,
     "p95": 0.6419521734118454,