{
 "k": {
  "0": 322.0,
  "1": 58.0,
  "10": 43.75,
  "11": 37.25,
  "12": 29.25,
  "13": 27.75,
  "14": 35.0,
  "15": 23.875,
  "16": 26.375,
  "17": 22.375,
  "18": 23.5,
  "19": 27.75,
  "2": 26.25,
  "20": 23.875,
  "21": 23.125,
  "22": 27.0,
  "23": 29.125,
  "24": 27.5,
  "25": 21.625,
  "26": 19.75,
  "27": 20.625,
  "28": 20.5,
  "29": 23.25,
  "3": 26.75,
  "30": 24.5,
  "31": 22.75,
  "32": 17.5,
  "33": 20.625,
  "34": 22.75,
  "35": 44.75,
  "4": 60.5,
  "5": 111.5,
  "6": 42.5,
  "7": 33.25,
  "8": 58.5,
  "9": 25.25
 },
 "v": {
  "0": 0.9375,
  "1": 0.65234375,
  "10": 7.34375,
  "11": 3.703125,
  "12": 3.546875,
  "13": 22.125,
  "14": 12.4375,
  "15": 28.75,
  "16": 25.125,
  "17": 41.75,
  "18": 21.125,
  "19": 7.09375,
  "2": 0.80859375,
  "20": 6.6875,
  "21": 8.5625,
  "22": 17.75,
  "23": 8.75,
  "24": 11.8125,
  "25": 10.0,
  "26": 13.875,
  "27": 14.5,
  "28": 13.75,
  "29": 46.5,
  "3": 1.2734375,
  "30": 32.75,
  "31": 41.75,
  "32": 52.25,
  "33": 113.5,
  "34": 104.5,
  "35": 60.5,
  "4": 1.2578125,
  "5": 1.890625,
  "6": 1.8671875,
  "7": 3.296875,
  "8": 3.484375,
  "9": 3.4375
 }
}