{
 "k": {
  "0": 0.1796875,
  "1": 0.03236607142857143,
  "10": 0.0244140625,
  "11": 0.020786830357142856,
  "12": 0.016322544642857144,
  "13": 0.015485491071428572,
  "14": 0.01953125,
  "15": 0.013323102678571428,
  "16": 0.014718191964285714,
  "17": 0.012486049107142858,
  "18": 0.013113839285714286,
  "19": 0.015485491071428572,
  "2": 0.0146484375,
  "20": 0.013323102678571428,
  "21": 0.012904575892857142,
  "22": 0.015066964285714286,
  "23": 0.016252790178571428,
  "24": 0.015345982142857142,
  "25": 0.012067522321428572,
  "26": 0.011021205357142858,
  "27": 0.011509486607142858,
  "28": 0.011439732142857142,
  "29": 0.012974330357142858,
  "3": 0.014927455357142858,
  "30": 0.013671875,
  "31": 0.0126953125,
  "32": 0.009765625,
  "33": 0.011509486607142858,
  "34": 0.0126953125,
  "35": 0.024972098214285716,
  "4": 0.03376116071428571,
  "5": 0.062220982142857144,
  "6": 0.023716517857142856,
  "7": 0.0185546875,
  "8": 0.03264508928571429,
  "9": 0.014090401785714286
 },
 "v": {
  "0": 0.0005231584821428571,
  "1": 0.00036403111049107144,
  "10": 0.004098074776785714,
  "11": 0.0020664760044642855,
  "12": 0.001979282924107143,
  "13": 0.012346540178571428,
  "14": 0.006940569196428571,
  "15": 0.016043526785714284,
  "16": 0.014020647321428572,
  "17": 0.023297991071428572,
  "18": 0.011788504464285714,
  "19": 0.003958565848214286,
  "2": 0.0004512241908482143,
  "20": 0.0037318638392857145,
  "21": 0.004778180803571429,
  "22": 0.009905133928571428,
  "23": 0.0048828125,
  "24": 0.006591796875,
  "25": 0.005580357142857143,
  "26": 0.007742745535714286,
  "27": 0.008091517857142858,
  "28": 0.007672991071428571,
  "29": 0.025948660714285716,
  "3": 0.0007106236049107143,
  "30": 0.018275669642857144,
  "31": 0.023297991071428572,
  "32": 0.029157366071428572,
  "33": 0.06333705357142858,
  "34": 0.058314732142857144,
  "35": 0.03376116071428571,
  "4": 0.000701904296875,
  "5": 0.0010550362723214285,
  "6": 0.0010419573102678572,
  "7": 0.0018397739955357143,
  "8": 0.0019444056919642857,
  "9": 0.0019182477678571428
 }
}