{
 "k": {
  "0": 248.0,
  "1": 54.25,
  "10": 49.0,
  "11": 33.0,
  "12": 27.875,
  "13": 26.125,
  "14": 31.625,
  "15": 24.125,
  "16": 25.5,
  "17": 22.375,
  "18": 22.375,
  "19": 26.125,
  "2": 24.25,
  "20": 23.25,
  "21": 22.375,
  "22": 26.0,
  "23": 27.125,
  "24": 26.0,
  "25": 19.75,
  "26": 18.25,
  "27": 19.5,
  "28": 19.0,
  "29": 22.125,
  "3": 25.0,
  "30": 24.375,
  "31": 21.0,
  "32": 17.875,
  "33": 20.5,
  "34": 25.0,
  "35": 38.0,
  "4": 51.5,
  "5": 91.5,
  "6": 31.5,
  "7": 31.625,
  "8": 48.75,
  "9": 24.25
 },
 "v": {
  "0": 0.498046875,
  "1": 0.6484375,
  "10": 7.46875,
  "11": 3.5625,
  "12": 3.109375,
  "13": 19.75,
  "14": 16.875,
  "15": 38.25,
  "16": 31.625,
  "17": 39.25,
  "18": 27.625,
  "19": 8.125,
  "2": 0.91796875,
  "20": 7.59375,
  "21": 9.0,
  "22": 19.625,
  "23": 10.9375,
  "24": 15.0,
  "25": 13.25,
  "26": 20.125,
  "27": 21.375,
  "28": 21.5,
  "29": 70.0,
  "3": 1.0234375,
  "30": 44.25,
  "31": 58.75,
  "32": 66.5,
  "33": 107.0,
  "34": 109.5,
  "35": 101.5,
  "4": 1.2265625,
  "5": 1.1953125,
  "6": 1.8046875,
  "7": 4.15625,
  "8": 4.59375,
  "9": 3.515625
 }
}